,iyear,imonth,iday,day,month,year
0,1446,SHABAN,1,31,1,2025
1,1446,RAMADAN,1,2,3,2025
2,1446,SHAWWAL,1,31,3,2025
3,1446,ZUL-QADDAH,1,29,4,2025
4,1446,ZUL-HIJJAH,1,29,5,2025
5,1447,MUHARRAM,1,27,6,2025
6,1447,SAFAR,1,27,7,2025
7,1447,RABI UL AWWAL,1,25,8,2025
8,1447,RABI US SANI,1,24,9,2025
9,1447,JUMADI UL-AWWAL,1,24,10,2025
10,1447,JUMADI US SANI,1,23,11,2025
11,1447,RAJAB,1,22,12,2025
12,1447,SHABAN,1,21,1,2026
13,1447,RAMADAN,1,19,2,2026
14,1447,SHAWWAL,1,21,3,2026
15,1447,ZUL-QADDAH,1,19,4,2026
16,1447,ZUL-HIJJAH,1,18,5,2026
17,1448,MUHARRAM,1,17,6,2026
18,1448,SAFAR,1,16,7,2026
19,1448,RABI UL AWWAL,1,15,8,2026
20,1448,RABI US SANI,1,13,9,2026
21,1448,JUMADI UL-AWWAL,1,13,10,2026
22,1448,JUMADI US SANI,1,12,11,2026
23,1448,RAJAB,1,11,12,2026
24,1448,SHABAN,1,10,1,2027
25,1448,RAMADAN,1,9,2,2027
26,1448,SHAWWAL,1,10,3,2027
27,1448,ZUL-QADDAH,1,9,4,2027
28,1448,ZUL-HIJJAH,1,8,5,2027
29,1449,MUHARRAM,1,6,6,2027
31,1449,SAFAR,1,6,7,2027
32,1449,RABI UL AWWAL,1,4,8,2027
33,1449,RABI US SANI,1,3,9,2027
34,1449,JUMADI UL-AWWAL,1,2,10,2027
35,1449,JUMADI US SANI,1,1,11,2027
36,1449,RAJAB,1,30,11,2027
37,1449,SHABAN,1,30,12,2027
38,1449,RAMADAN,1,28,1,2028
39,1449,SHAWWAL,1,27,2,2028
40,1449,ZUL-QADDAH,1,28,3,2028
41,1449,ZUL-HIJJAH,1,27,4,2028
42,1450,MUHARRAM,1,26,5,2028
43,1450,SAFAR,1,24,6,2028
45,1450,RABI UL AWWAL,1,24,7,2028
46,1450,RABI US SANI,1,22,8,2028
47,1450,JUMADI UL-AWWAL,1,21,9,2028
48,1450,JUMADI US SANI,1,20,10,2028
49,1450,RAJAB,1,19,11,2028
50,1450,SHABAN,1,18,12,2028
51,1450,RAMADAN,1,17,1,2029
52,1450,SHAWWAL,1,15,2,2029
53,1450,ZUL-QADDAH,1,17,3,2029
54,1450,ZUL-HIJJAH,1,16,4,2029
55,1451,MUHARRAM,1,15,5,2029
56,1451,SAFAR,1,14,6,2029
57,1451,RABI UL AWWAL,1,14,7,2029
58,1451,RABI US SANI,1,12,8,2029
59,1451,JUMADI UL-AWWAL,1,11,9,2029
60,1451,JUMADI US SANI,1,10,10,2029
61,1451,RAJAB,1,8,11,2029
62,1451,SHABAN,1,7,12,2029
63,1451,RAMADAN,1,6,1,2030
64,1451,SHAWWAL,1,4,2,2030
65,1451,ZUL-QADDAH,1,6,3,2030
66,1451,ZUL-HIJJAH,1,5,4,2030
67,1452,MUHARRAM,1,4,5,2030
68,1452,SAFAR,1,3,6,2030
69,1452,RABI UL AWWAL,1,3,7,2030
70,1452,RABI US SANI,1,2,8,2030
71,1452,JUMADI UL-AWWAL,1,31,8,2030
72,1452,JUMADI US SANI,1,30,9,2030
73,1452,RAJAB,1,29,10,2030
74,1452,SHABAN,1,27,11,2030
75,1452,RAMADAN,1,26,12,2030
76,1452,SHAWWAL,1,25,1,2031
77,1452,ZUL-QADDAH,1,23,2,2031
78,1452,ZUL-HIJJAH,1,25,3,2031
79,1453,MUHARRAM,1,23,4,2031
81,1453,SAFAR,1,23,5,2031
82,1453,RABI UL AWWAL,1,22,6,2031
83,1453,RABI US SANI,1,22,7,2031
84,1453,JUMADI UL-AWWAL,1,21,8,2031
85,1453,JUMADI US SANI,1,19,9,2031
86,1453,RAJAB,1,18,10,2031
87,1453,SHABAN,1,17,11,2031
88,1453,RAMADAN,1,16,12,2031
89,1453,SHAWWAL,1,14,1,2032
91,1453,ZUL-QADDAH,1,13,2,2032
92,1453,ZUL-HIJJAH,1,13,3,2032
93,1454,MUHARRAM,1,12,4,2032
94,1454,SAFAR,1,11,5,2032
95,1454,RABI UL AWWAL,1,10,6,2032
96,1454,RABI US SANI,1,10,7,2032
97,1454,JUMADI UL-AWWAL,1,9,8,2032
98,1454,JUMADI US SANI,1,7,9,2032
99,1454,RAJAB,1,7,10,2032
100,1454,SHABAN,1,5,11,2032
101,1454,RAMADAN,1,5,12,2032
102,1454,SHAWWAL,1,3,1,2033
103,1454,ZUL-QADDAH,1,2,2,2033
104,1454,ZUL-HIJJAH,1,3,3,2033
105,1455,MUHARRAM,1,1,4,2033
106,1455,SAFAR,1,1,5,2033
107,1455,RABI UL AWWAL,1,30,5,2033
108,1455,RABI US SANI,1,29,6,2033
109,1455,JUMADI UL-AWWAL,1,29,7,2033
110,1455,JUMADI US SANI,1,27,8,2033
111,1455,RAJAB,1,26,9,2033
112,1455,SHABAN,1,25,10,2033
113,1455,RAMADAN,1,24,11,2033
114,1455,SHAWWAL,1,23,12,2033
116,1455,ZUL-QADDAH,1,22,1,2034
117,1455,ZUL-HIJJAH,1,21,2,2034
118,1456,MUHARRAM,1,22,3,2034
119,1456,SAFAR,1,20,4,2034
121,1456,RABI UL AWWAL,1,20,5,2034
122,1456,RABI US SANI,1,18,6,2034
123,1456,JUMADI UL-AWWAL,1,18,7,2034
124,1456,JUMADI US SANI,1,16,8,2034
125,1456,RAJAB,1,15,9,2034
126,1456,SHABAN,1,14,10,2034
127,1456,RAMADAN,1,13,11,2034
128,1456,SHAWWAL,1,13,12,2034
129,1456,ZUL-QADDAH,1,11,1,2035
130,1456,ZUL-HIJJAH,1,10,2,2035
131,1457,MUHARRAM,1,12,3,2035
132,1457,SAFAR,1,10,4,2035
133,1457,RABI UL AWWAL,1,9,5,2035
135,1457,RABI US SANI,1,8,6,2035
136,1457,JUMADI UL-AWWAL,1,7,7,2035
137,1457,JUMADI US SANI,1,6,8,2035
138,1457,RAJAB,1,4,9,2035
139,1457,SHABAN,1,3,10,2035
140,1457,RAMADAN,1,2,11,2035
141,1457,SHAWWAL,1,2,12,2035
142,1457,ZUL-QADDAH,1,31,12,2035
143,1457,ZUL-HIJJAH,1,30,1,2036
